10154,3,Mobile,91.632678
10157,3,Mobile,83.022161
10160,3,Direct Mail,80.652601
10162,4,Mobile,88.740264
10163,3,Direct Mail,75.17043
10164,1,Email,67.250759
10165,3,Direct Mail,65.476149
10167,10,Direct Mail,55.273987
10169,7,Direct Mail,51.720453
10169,3,Direct Mail,73.02246
10170,3,Mobile,78.050115
10171,7,Mobile,103.185928
10172,3,Email,86.377285
10172,9,Email,80.951229
10173,4,Mobile,91.69472
10175,5,Direct Mail,12.282385
10176,9,Email,38.120299
10177,3,Direct Mail,108.275988
10179,3,Mobile,96.849542
10180,1,Direct Mail,96.160776
10181,7,Mobile,86.067309
10181,2,Mobile,87.203127
10185,3,Direct Mail,92.385203
10189,3,Mobile,83.070547
10191,4,Direct Mail,71.447757
10192,7,Mobile,83.494492
10192,10,Mobile,77.317279
10195,4,Direct Mail,77.795034
10197,8,Direct Mail,77.965473
10198,3,Email,93.704684
10198,7,Email,67.302222
10202,3,Mobile,118.698343
10202,7,Mobile,44.823579
10203,7,Email,100.952434
10204,10,Direct Mail,56.140411
10204,1,Direct Mail,42.894704
10205,3,Email,90.854562
10206,8,Email,73.450864
10209,9,Direct Mail,37.290886
10210,4,Mobile,43.703475
10211,10,Direct Mail,94.969412
10212,7,Mobile,57.682084
10212,8,Mobile,90.587823
10214,3,Mobile,78.675963
10219,7,Email,98.655681
10219,10,Email,38.580279
10219,8,Email,87.790103
10220,3,Direct Mail,61.027141
10221,3,Direct Mail,76.324068
10222,3,Direct Mail,57.429718
10225,3,Direct Mail,72.747481
10226,3,Email,61.719172
10227,7,Direct Mail,79.010057
10228,3,Mobile,77.146377
10229,10,Direct Mail,91.268782
10229,12,Direct Mail,75.543457
10235,8,Mobile,84.558318
10235,1,Mobile,88.47737
10239,3,Direct Mail,47.863086
10243,3,Email,84.620441
10244,3,Mobile,45.238752
10245,12,Mobile,47.234515
10248,3,Email,83.028117
10250,10,Email,68.383766
10252,10,Direct Mail,67.922643
10253,3,Mobile,45.299307
10254,3,Mobile,99.902677
10256,3,Mobile,42.569079
10257,3,Email,100.647546
10260,2,Mobile,49.833294
10263,3,Email,67.57911
10264,3,Mobile,52.518241
10265,10,Email,85.904734
10266,8,Email,93.661858
10267,3,Direct Mail,84.617638
10268,4,Direct Mail,90.065026
10268,3,Direct Mail,107.833862
10277,3,Direct Mail,67.478311
10278,3,Email,58.291278
10281,3,Mobile,61.633282
10284,3,Email,62.763612
10286,3,Email,79.074314
10289,3,Mobile,83.093774
10290,8,Email,73.309785
10294,8,Direct Mail,65.310379
10294,6,Direct Mail,109.829914
10295,7,Mobile,101.194013
10295,3,Mobile,92.238573
10297,3,Direct Mail,102.082279
10299,8,Direct Mail,43.034416
10299,3,Direct Mail,87.791963
10300,4,Mobile,46.89248
10303,3,Direct Mail,74.488447
10311,3,Direct Mail,47.763893
10313,3,Email,37.974406
10314,10,Email,62.281387
10315,12,Mobile,64.989728
10316,10,Mobile,54.578366
10317,3,Direct Mail,62.813142
10318,12,Mobile,19.563141
10319,12,Direct Mail,48.951221
10319,3,Direct Mail,58.750424
10321,12,Mobile,38.413842
10322,9,Email,120.463923
10323,3,Email,73.379221
10330,8,Email,44.693569
10330,10,Email,60.520397
10332,3,Mobile,72.541406
10333,8,Direct Mail,107.333285
10337,10,Mobile,74.174824
10338,3,Email,100.942857
10339,8,Direct Mail,44.898138
10339,10,Direct Mail,81.989153
10342,3,Direct Mail,68.66867
10343,3,Email,72.433088
10343,8,Email,81.320352
10346,3,Direct Mail,68.992042
10348,3,Direct Mail,62.705559
10349,3,Direct Mail,63.525721
10350,12,Mobile,46.885799
10351,3,Mobile,35.351787
10359,7,Email,78.673819
10363,7,Email,46.500256
10364,7,Email,53.343269
10367,9,Email,36.15695
10367,11,Email,45.194081
10368,3,Direct Mail,50.097826
10368,10,Direct Mail,62.255416
10369,8,Mobile,74.623981
10369,3,Mobile,71.042254
10376,3,Direct Mail,102.418627
10376,12,Direct Mail,102.738755
10380,3,Email,67.190915
10380,12,Email,94.214058
10381,12,Email,82.375358
10383,8,Email,85.29162
10384,3,Direct Mail,66.398796
10387,8,Direct Mail,84.028054
10388,3,Mobile,57.207835
10389,4,Mobile,88.289609
10390,7,Direct Mail,82.814348
10391,10,Email,37.117178
10398,2,Mobile,50.825758
10401,2,Direct Mail,51.00193
10401,3,Direct Mail,108.583542
10403,3,Mobile,85.828218
10404,7,Email,53.562343
10406,3,Direct Mail,63.920118
10407,3,Mobile,79.871868
10408,8,Direct Mail,76.136377
10410,3,Direct Mail,84.714857
10411,10,Direct Mail,50.124461
10412,3,Email,55.279647
10413,7,Direct Mail,101.650405
10415,8,Email,84.222792
10417,3,Email,62.396342
10423,3,Direct Mail,82.649843
10424,3,Mobile,111.088174
10426,8,Mobile,83.960207
10426,3,Mobile,74.251046
10427,2,Direct Mail,64.551706
10428,7,Direct Mail,74.118582
10430,12,Direct Mail,80.91952
10430,3,Direct Mail,42.368249
10435,10,Mobile,60.765692
10436,3,Direct Mail,66.390401
10436,8,Direct Mail,89.809355
10438,10,Email,78.601308
10439,3,Mobile,89.358127
10440,1,Mobile,61.016308
10440,3,Mobile,113.33128
10442,3,Direct Mail,46.496943
10444,10,Direct Mail,58.837139
10446,3,Email,47.061569
10452,1,Direct Mail,110.974267
10452,3,Direct Mail,86.736735
10455,3,Direct Mail,66.278697
10455,4,Direct Mail,78.630045
10457,3,Mobile,47.060829
10457,8,Mobile,88.520288
10458,8,Email,39.785951
10459,10,Direct Mail,75.379142
10460,3,Mobile,64.442478
10466,4,Mobile,66.139814
10470,7,Mobile,77.728999
10471,3,Email,75.025633
10472,12,Direct Mail,75.729977
10474,8,Mobile,46.397723
10474,7,Mobile,86.573512
10474,3,Mobile,32.252901
10475,3,Direct Mail,87.792175
10476,3,Email,85.548644
10476,1,Email,72.460997
10477,1,Email,67.957372
10478,3,Direct Mail,95.942943
10479,6,Direct Mail,57.864308
10481,12,Direct Mail,93.250475
10485,10,Mobile,99.836636
10486,12,Direct Mail,64.155965
10487,12,Mobile,73.802235
10488,3,Mobile,49.391179
10490,8,Direct Mail,60.691521
10492,1,Mobile,17.531713
10494,6,Direct Mail,81.206845
10495,10,Direct Mail,53.264368
10496,3,Email,109.5561
10499,12,Email,46.441869
10500,7,Mobile,68.698972
10505,10,Mobile,57.848864
10506,7,Mobile,32.641062
10506,3,Mobile,76.552589
10507,3,Email,51.468949
10508,3,Email,92.004888
10508,8,Email,39.062441
10511,3,Direct Mail,104.481446
10512,3,Email,57.902274
10513,7,Direct Mail,43.55182
10513,10,Direct Mail,51.478254
10513,5,Direct Mail,71.405066
10514,3,Mobile,71.953454
10516,8,Direct Mail,62.263631
10517,8,Mobile,46.466639
10518,8,Email,98.625649
10520,12,Email,59.722991
10522,7,Mobile,51.104264
10527,3,Mobile,82.084986
10528,3,Email,81.110428
10529,3,Mobile,58.046507
10531,8,Email,76.157858
10533,3,Email,83.231999
10537,9,Mobile,84.367933
10537,3,Mobile,40.925924
10538,9,Mobile,73.373966
10541,2,Mobile,39.082288
10542,8,Mobile,68.432285
10543,3,Email,49.405614
10544,8,Mobile,94.228167
10545,8,Mobile,68.767067
10545,12,Mobile,76.39118
10545,3,Mobile,48.251411
10548,3,Email,87.873051
10549,9,Mobile,49.74806
10549,3,Mobile,62.919611
10551,10,Mobile,50.647492
10555,7,Email,64.187376
10555,3,Email,47.987792
10556,7,Direct Mail,39.169449
10557,3,Mobile,88.915611
10561,3,Email,83.892649
10562,2,Direct Mail,48.225402
10564,3,Email,104.138172
10565,3,Email,84.18111
10571,8,Direct Mail,53.15133
10572,9,Mobile,87.919641
10572,10,Mobile,18.059908
10573,8,Direct Mail,65.317905
10577,2,Direct Mail,66.513791
10580,4,Email,79.624638
10591,9,Direct Mail,80.680775
10591,3,Direct Mail,48.194011
10592,9,Mobile,40.652221
10594,4,Email,91.753499
10594,7,Email,86.63848
10595,7,Email,69.508966
10595,10,Email,43.17314
10596,3,Email,91.082125
10598,3,Direct Mail,55.308814
10601,3,Mobile,65.750654
10604,4,Email,67.929911
10605,7,Email,48.424641
10609,8,Direct Mail,56.269912
10614,3,Mobile,71.485568
10615,10,Email,63.54888
10616,4,Direct Mail,68.678918
10618,8,Direct Mail,62.116806
10619,8,Direct Mail,62.281793
10619,7,Direct Mail,54.628104
10620,10,Direct Mail,84.244391
10620,8,Direct Mail,65.757847
10621,4,Mobile,85.821132
10624,1,Direct Mail,67.44432
10625,3,Email,48.069579
10625,8,Email,77.178601
10626,3,Direct Mail,50.281711
10627,7,Email,60.574127
10628,9,Email,82.465917
10629,3,Email,67.322775
10629,10,Email,94.954189
10632,3,Mobile,65.698334
10636,7,Mobile,73.085841
10640,8,Direct Mail,66.95578
10646,10,Email,92.374063
10647,8,Email,58.165712
10650,3,Mobile,79.62411
10656,3,Mobile,97.905274
10658,2,Email,95.96953
10660,3,Mobile,50.598489
10664,3,Direct Mail,61.529906
10673,1,Email,36.632775
10674,11,Direct Mail,78.278281
10675,3,Direct Mail,67.157668
10676,3,Direct Mail,104.703673
10676,9,Direct Mail,60.523507
10677,1,Email,74.724015
10678,1,Email,84.80039
10680,3,Mobile,70.183291
10683,3,Email,90.81916
10686,4,Mobile,51.481255
10686,3,Mobile,62.843663
10687,3,Direct Mail,90.395278
10687,9,Direct Mail,98.402326
10689,3,Mobile,74.038684
10692,7,Mobile,60.29724
10694,7,Direct Mail,38.351999
10695,12,Mobile,68.548508
10696,8,Direct Mail,56.737175
10696,3,Direct Mail,54.576901
10698,7,Email,42.336896
10698,3,Email,72.142963
10699,10,Direct Mail,102.269223
10701,9,Mobile,56.882162
10703,7,Email,67.682397
10704,3,Direct Mail,61.428329
10707,2,Email,90.319958
10708,3,Direct Mail,66.997768
10708,8,Direct Mail,83.411806
10710,4,Direct Mail,94.80963
10710,3,Direct Mail,57.433069
10711,7,Direct Mail,79.687328
10716,3,Email,80.658673
10718,12,Mobile,65.905407
10722,5,Mobile,88.560039
10723,3,Email,76.148455
10725,10,Mobile,66.198115
10730,3,Mobile,39.087699
10732,3,Email,76.802763
10734,4,Mobile,36.569762
10735,9,Mobile,87.275705
10736,3,Direct Mail,55.073682
10737,10,Direct Mail,67.485313
10740,8,Mobile,100.535722
10744,8,Email,79.565776
10745,9,Email,65.420668
10746,3,Email,59.880071
10747,3,Email,49.444734
10748,7,Direct Mail,89.484959
10749,10,Email,61.42879
10751,8,Mobile,68.720842
10752,7,Mobile,57.364568
10756,10,Email,66.098975
10757,1,Direct Mail,73.972237
10758,3,Direct Mail,103.904792
10760,8,Direct Mail,85.566522
10768,7,Mobile,57.719723
10769,3,Mobile,73.629181
10770,3,Direct Mail,60.177284
10773,7,Mobile,21.714515
10775,3,Mobile,86.713028
10776,4,Direct Mail,93.831622
10776,3,Direct Mail,53.47418
10777,10,Direct Mail,82.096
10780,3,Mobile,54.309318
10782,3,Mobile,60.623292
10786,9,Email,90.968892
10791,8,Mobile,75.97158
10791,3,Mobile,32.113435
10792,3,Direct Mail,111.944309
10793,2,Mobile,85.544804
10796,10,Direct Mail,76.234536
10802,7,Email,39.017544
10803,3,Email,46.323256
10804,3,Mobile,62.783987
10805,2,Direct Mail,77.733406
10805,3,Direct Mail,84.064353
10807,4,Email,37.268384
10810,3,Email,65.482451
10811,3,Direct Mail,41.669752
10814,8,Email,93.074404
10815,8,Mobile,17.921317
10815,1,Mobile,55.290578
10816,3,Direct Mail,67.676917
10818,8,Mobile,80.609467
10819,3,Direct Mail,101.249364
10820,3,Email,72.84243
10822,4,Email,55.597039
10824,2,Mobile,43.263387
10825,9,Mobile,72.724308
10826,3,Email,59.262293
10827,3,Direct Mail,52.90051
10828,3,Email,97.286685
10829,7,Direct Mail,60.843508
10830,3,Direct Mail,75.228101
10835,5,Direct Mail,52.126788
10839,3,Direct Mail,77.990057
10840,3,Direct Mail,64.169717
10844,12,Mobile,50.110616
10845,10,Email,67.826402
10846,8,Direct Mail,57.157203
10846,3,Direct Mail,67.057061
10847,3,Email,72.239085
10848,12,Direct Mail,68.028695
10849,3,Email,65.873046
10850,10,Direct Mail,64.018407
10852,10,Mobile,49.615093
10853,3,Email,74.886231
10855,8,Direct Mail,76.34388
10856,7,Mobile,60.178059
10857,7,Email,69.054738
10857,3,Email,54.240991
10859,3,Direct Mail,67.194426
10860,1,Email,64.262606
10860,12,Email,61.62683
10861,8,Direct Mail,23.089593
10862,6,Direct Mail,72.64591
10870,8,Email,48.374966
10872,7,Email,91.033312
10873,9,Email,82.268021
10874,3,Email,81.216486
10875,12,Mobile,54.753695
10876,9,Email,69.512865
10878,3,Email,51.546098
10884,3,Email,32.906378
10885,12,Direct Mail,90.012111
10885,3,Direct Mail,68.666999
10895,7,Direct Mail,11.092828
10899,7,Mobile,39.499951
10901,3,Direct Mail,77.34885
10902,3,Email,64.87357
10903,9,Mobile,79.131281
10905,7,Mobile,56.348283
10905,9,Mobile,81.62789
10905,3,Mobile,78.437892
10909,8,Direct Mail,75.959881
10910,3,Direct Mail,101.235808
10911,3,Email,56.35312
10913,8,Mobile,73.918818
10913,3,Mobile,97.255711
10916,8,Direct Mail,36.896839
10917,12,Direct Mail,54.845778
10917,10,Direct Mail,53.843206
10919,1,Email,57.908744
10920,3,Mobile,76.225995
10921,3,Email,64.8641
10923,12,Email,72.870795
10924,7,Direct Mail,58.583464
10925,8,Direct Mail,74.564898
10928,3,Email,52.407539
10933,12,Email,78.058952
10935,8,Email,48.609399
10936,9,Direct Mail,55.160299
10936,4,Direct Mail,74.725714
10940,4,Direct Mail,61.965271
10942,3,Mobile,112.712423
10943,3,Email,85.125397
10948,9,Direct Mail,50.264691
10949,3,Mobile,74.93154
10950,3,Direct Mail,61.247401
10952,3,Mobile,37.144806
10953,3,Direct Mail,116.670933
10954,3,Mobile,59.49147
10955,8,Direct Mail,106.79569
10957,3,Direct Mail,106.536141
10959,3,Mobile,67.148036
10961,1,Email,77.722278
10964,10,Mobile,98.558043
10965,3,Email,87.393087
10967,3,Email,73.881745
10969,3,Mobile,99.082745
10970,1,Direct Mail,84.464691
10970,12,Direct Mail,103.973696
10971,8,Mobile,84.305047
10971,4,Mobile,60.724829
10976,2,Email,42.014589
10977,7,Email,71.352215
10978,3,Mobile,49.541312
10979,4,Mobile,63.481298
10980,4,Email,32.347393
10983,3,Mobile,82.128645
10984,10,Direct Mail,63.435628
10988,10,Mobile,77.032983
10990,10,Mobile,70.654108
10992,3,Mobile,70.810985
10996,3,Direct Mail,102.133064
11002,8,Mobile,72.160231
11003,2,Email,69.012297
11005,3,Direct Mail,63.460749
11005,8,Direct Mail,63.82783
11007,3,Email,42.665725
11009,7,Mobile,66.46658
11010,8,Direct Mail,112.148505
11011,3,Email,85.384783
11011,12,Email,106.526379
11012,3,Mobile,53.808829
11014,8,Email,98.275158
11015,4,Direct Mail,80.04957
11017,8,Email,69.855699
11018,1,Mobile,64.647811
11021,7,Direct Mail,63.820729
11021,3,Direct Mail,51.850235
11023,3,Email,49.813004
11025,8,Email,81.309148
11026,3,Email,63.07019
11028,8,Direct Mail,20.14805
11031,3,Mobile,89.118659
11032,4,Mobile,72.054636
11033,4,Email,62.424511
11034,6,Email,73.112574
11035,3,Email,48.224652
11035,4,Email,61.98709
11036,3,Email,63.882703
11037,3,Direct Mail,65.322206
11038,3,Mobile,85.493836
11044,9,Email,55.497221
11045,7,Email,102.049663
11046,8,Email,71.295589
11046,3,Email,72.679722
11047,7,Email,21.610129
11049,4,Mobile,65.387915
11051,12,Direct Mail,86.483317
11051,3,Direct Mail,83.012842
11052,8,Direct Mail,90.250603
11054,3,Mobile,81.479119
11056,3,Email,77.60369
11059,9,Email,78.62238
11061,3,Mobile,34.479289
11063,9,Email,95.755554
11063,7,Email,89.170368
11064,5,Direct Mail,99.66858
11065,2,Mobile,81.269261
11068,12,Email,82.014861
11068,3,Email,71.272144
11069,10,Mobile,85.130432
11071,8,Direct Mail,73.85463
11072,8,Mobile,41.042892
11075,3,Email,59.230774
11076,7,Mobile,66.530017
11077,9,Email,64.678168
11081,3,Direct Mail,72.744214
11082,12,Email,43.347325
11083,4,Mobile,70.787558
11086,3,Email,73.561821
11087,3,Email,95.449929
11088,7,Email,59.956449
11092,3,Email,46.682026
11094,4,Mobile,62.889707
11096,10,Mobile,50.464839
11100,5,Direct Mail,51.967051
11102,3,Email,67.522896
11103,1,Email,72.265864
11105,3,Mobile,68.940883
11108,2,Email,27.249442
11108,3,Email,78.380024
11110,3,Email,104.645649
11111,3,Email,80.838957
11116,3,Email,94.616025
11117,3,Email,57.124557
11118,8,Mobile,68.881501
11119,3,Mobile,69.751702
11121,7,Direct Mail,54.305774
11121,8,Direct Mail,97.091201
11123,3,Mobile,66.62939
11126,12,Mobile,31.329913
11129,3,Email,56.072657
11129,8,Email,73.065965
11130,3,Email,56.636366
11131,9,Mobile,74.678618
11133,3,Email,53.13828
11134,2,Email,66.600736
11138,9,Email,79.407816
11138,4,Email,56.312082
11142,3,Email,66.053109
11146,7,Direct Mail,88.022414
11147,8,Direct Mail,48.294954
11149,9,Direct Mail,36.490542
11149,3,Direct Mail,65.972257
11151,10,Mobile,56.58426
11153,8,Mobile,63.133047
11156,4,Direct Mail,110.742426
11156,3,Direct Mail,91.08181
11158,4,Mobile,81.855237
11159,12,Mobile,32.249983
11159,2,Mobile,82.746616
11159,3,Mobile,92.153653
11162,8,Email,76.009129
11164,3,Mobile,52.368887
11166,3,Direct Mail,86.206695
11168,3,Email,52.164769
11168,8,Email,58.986067
11170,1,Email,84.810626
11170,3,Email,72.518332
11172,1,Direct Mail,28.472361
11173,3,Direct Mail,39.799978
11175,10,Direct Mail,60.294933
11177,3,Email,38.31791
11178,8,Mobile,57.320631
11179,1,Mobile,106.872983
11180,8,Email,113.855818
11182,8,Mobile,35.497031
11182,3,Mobile,73.914724
11183,7,Email,85.984452
11184,4,Mobile,75.480947
11189,1,Email,88.311825
11190,8,Mobile,79.21997
11192,3,Email,81.515151
11193,8,Direct Mail,47.70025
11194,2,Email,97.641849
11195,3,Mobile,66.792442
11196,3,Direct Mail,81.360476
11197,3,Mobile,97.184054
11197,8,Mobile,86.254661
11198,2,Mobile,85.473134
11200,3,Mobile,86.494646
11201,2,Direct Mail,67.620712
11203,2,Direct Mail,45.630088
11204,4,Mobile,71.180049
11205,3,Email,80.533678
11206,7,Email,35.508147
11207,2,Email,27.774286
11209,3,Mobile,41.031378
11211,10,Mobile,81.372907
11211,1,Mobile,72.059043
11214,3,Mobile,47.909345
11218,3,Email,86.029371
11219,3,Email,54.604419
11220,4,Direct Mail,102.963678
11221,8,Mobile,106.553602
11222,3,Mobile,45.796257
11225,3,Mobile,45.509207
11226,3,Mobile,45.752802
11226,8,Mobile,52.786532
11228,6,Mobile,63.910199
11230,3,Mobile,68.508369
11231,3,Mobile,52.029307
11232,3,Mobile,30.996923
11234,8,Mobile,53.381956
11239,8,Mobile,51.554257
11242,3,Mobile,83.727615
11243,10,Mobile,54.265113
11245,8,Direct Mail,38.085051
11246,8,Direct Mail,76.089126
11248,4,Email,22.151873
11249,3,Mobile,58.768458
11250,12,Mobile,81.085997
11251,3,Direct Mail,80.785851
11253,3,Mobile,34.127114
11255,7,Email,58.153307
11258,3,Mobile,63.794108
11261,5,Direct Mail,70.195016
11262,3,Direct Mail,36.382036
11263,3,Direct Mail,44.873606
11267,8,Email,85.751443
11269,1,Email,97.943487
11270,10,Mobile,94.963397
11271,10,Direct Mail,78.307995
11273,8,Mobile,51.105517
11275,1,Mobile,90.796148
11278,3,Email,76.51515
11279,3,Email,79.162093
11280,3,Mobile,65.599305
11281,6,Mobile,74.566483
11281,1,Mobile,58.056993
11282,3,Direct Mail,47.957688
11282,10,Direct Mail,80.716918
11285,9,Direct Mail,72.066689
11287,9,Direct Mail,34.97685
11287,3,Direct Mail,78.348642
11289,8,Email,62.651142
11289,2,Email,63.848515
11290,9,Direct Mail,66.250993
11291,12,Direct Mail,101.065168
11291,3,Direct Mail,99.037648
11291,8,Direct Mail,53.395312
11296,8,Email,62.573966
11297,8,Mobile,70.283988
11300,9,Direct Mail,112.784271
11302,4,Email,52.056642
11304,8,Mobile,78.021594
11304,10,Mobile,52.335141
11309,7,Email,68.593179
11309,3,Email,49.916429
11310,3,Mobile,96.912775
11314,9,Email,89.885702
11316,3,Mobile,54.027356
11318,10,Mobile,87.998028
11319,3,Mobile,58.14568
11322,10,Mobile,45.323565
11324,2,Direct Mail,34.791463
11325,3,Mobile,90.45631
11326,10,Direct Mail,71.001195
11326,3,Direct Mail,30.389836
11328,8,Direct Mail,65.572411
11329,1,Email,96.534897
11333,3,Direct Mail,59.468331
11337,7,Mobile,38.50807
11338,3,Mobile,64.97062
11339,2,Email,58.308061
11339,12,Email,77.216947
11342,12,Direct Mail,89.106724
11343,7,Direct Mail,91.395693
11346,8,Direct Mail,51.478076
11350,3,Direct Mail,80.948477
11351,9,Direct Mail,53.391315
11352,3,Mobile,103.887396
11354,3,Mobile,73.262228
11359,3,Mobile,94.459352
11359,8,Mobile,84.170205
11361,12,Direct Mail,30.371423
11362,3,Direct Mail,98.753612
11365,1,Mobile,85.163344
11366,1,Email,67.593857
11367,3,Direct Mail,51.680426
11367,7,Direct Mail,107.513362
11368,3,Direct Mail,72.275467
11369,4,Email,63.490634
11370,7,Email,73.616129
11373,2,Direct Mail,53.452489
11374,2,Direct Mail,93.930587
11379,3,Direct Mail,76.665666
11381,1,Email,87.414992
11383,3,Email,45.903684
11385,12,Direct Mail,58.36649
11385,3,Direct Mail,34.323052
11386,7,Mobile,84.731851
11386,2,Mobile,78.053946
11386,10,Mobile,63.796581
11389,3,Email,92.760229
11389,9,Email,91.293354
11391,3,Email,66.239871
11393,3,Mobile,63.275616
11394,5,Email,80.374854
11394,3,Email,95.940602
11395,3,Direct Mail,51.022623
11396,12,Direct Mail,69.603999
11396,10,Direct Mail,74.346219
11397,3,Mobile,12.67042
11399,2,Direct Mail,36.155961
11401,9,Email,53.599103
11402,8,Email,67.525666
11404,8,Mobile,68.285538
11405,2,Mobile,51.194346
11405,3,Mobile,83.851521
11406,3,Mobile,81.156712
11406,10,Mobile,96.373024
11408,12,Direct Mail,71.656254
11409,12,Direct Mail,72.6579
11411,10,Direct Mail,80.960893
11412,2,Mobile,67.924382
11414,12,Direct Mail,42.517525
11415,3,Email,44.873621
11416,3,Mobile,63.350049
11418,7,Direct Mail,76.788086
11419,12,Direct Mail,78.997355
11420,12,Mobile,88.674792
11422,2,Email,47.811491
11427,7,Direct Mail,69.240416
11427,3,Direct Mail,82.659559
11428,7,Mobile,60.490725
11428,3,Mobile,87.770314
11431,11,Email,39.396807
11435,3,Email,39.927
11437,7,Direct Mail,76.216804
11440,3,Direct Mail,100.911185
11444,3,Mobile,96.205279
11445,3,Mobile,88.402713
11450,3,Direct Mail,67.357483
11451,10,Direct Mail,67.685342
11452,3,Direct Mail,86.158753
11453,3,Mobile,86.497173
11454,3,Direct Mail,52.017815
11455,3,Email,62.205563
11456,7,Direct Mail,37.98216
11456,3,Direct Mail,90.25709
11459,4,Email,110.50832
11462,3,Mobile,71.137786
11463,3,Mobile,67.292211
11464,12,Email,59.259273
11466,3,Mobile,87.827377
11466,7,Mobile,111.590779
11468,3,Email,82.791064
11469,7,Mobile,74.15713
11470,3,Mobile,36.732678
11471,3,Mobile,93.952609
11472,3,Email,61.05022
11475,5,Email,106.250611
11478,10,Direct Mail,49.964554
11479,7,Email,68.378972
11479,3,Email,96.707901
11482,4,Direct Mail,52.101375
11484,3,Direct Mail,76.47956
11487,4,Direct Mail,39.577618
11492,10,Mobile,63.504598
11493,10,Direct Mail,79.679298
11495,3,Email,78.829755
11496,10,Mobile,47.615818
11498,6,Direct Mail,78.766506
11498,12,Direct Mail,94.630225
11499,10,Mobile,90.245943
11500,12,Direct Mail,69.818777
11502,10,Mobile,48.853395
11504,11,Direct Mail,63.822111
11506,12,Direct Mail,62.374894
11507,8,Mobile,39.43366
11509,9,Mobile,46.408624
11509,3,Mobile,59.482164
11510,12,Direct Mail,59.764454
11511,8,Email,105.043274
11516,3,Mobile,93.724811
11517,3,Direct Mail,93.004744
11518,3,Email,76.623048
11522,10,Direct Mail,107.429711
11523,2,Email,65.093695
11525,7,Mobile,61.624682
11527,4,Direct Mail,55.130401
11527,10,Direct Mail,88.144236
11529,3,Direct Mail,107.507836
11531,6,Mobile,64.800198
11533,7,Direct Mail,68.777978
11536,12,Direct Mail,86.529125
11540,3,Mobile,57.489582
11541,3,Direct Mail,80.261718
11545,3,Direct Mail,100.925781
11547,8,Direct Mail,33.060254
11547,10,Direct Mail,62.273742
11548,4,Direct Mail,51.585693
11549,3,Mobile,60.820793
11551,1,Email,76.020769
11556,10,Email,90.724668
11557,8,Mobile,63.015919
11558,9,Direct Mail,63.270987
11559,8,Direct Mail,61.461203
11559,12,Direct Mail,92.981832
11562,3,Mobile,49.667673
11562,10,Mobile,66.832883
11563,3,Mobile,43.425892
11565,3,Email,64.948451
11566,3,Mobile,91.43324
11568,3,Mobile,90.50056
11571,3,Email,67.609996
11572,7,Mobile,29.138415
11572,3,Mobile,73.931157
11576,4,Direct Mail,84.088601
11579,3,Email,97.303014
11581,3,Email,76.863061
11583,10,Direct Mail,103.389682
11584,3,Mobile,53.607264
11586,5,Direct Mail,66.4711
11589,8,Mobile,72.642555
11590,9,Email,41.830987
11593,3,Mobile,49.780182
11596,12,Email,69.523826
11598,2,Email,58.938156
11598,3,Email,100.142775
11600,10,Direct Mail,68.81176
11600,3,Direct Mail,56.024891
11601,3,Email,55.1096
11601,10,Email,70.161868
11605,8,Mobile,74.449831
11606,8,Direct Mail,85.939365
11607,3,Mobile,107.858704
11607,12,Mobile,65.778999
11609,3,Direct Mail,92.601841
11611,7,Direct Mail,105.490905
11613,1,Email,64.158853
11616,3,Email,68.286737
11618,3,Direct Mail,65.293292
11622,9,Direct Mail,98.727431
11623,3,Mobile,61.816304
11626,3,Email,81.266643
11627,4,Direct Mail,65.883609
11627,8,Direct Mail,78.674837
11629,3,Direct Mail,77.05483
11630,10,Mobile,69.78348
11631,3,Mobile,67.260096
11631,10,Mobile,52.676615
11632,8,Direct Mail,64.326586
11634,9,Mobile,86.235763
11634,8,Mobile,44.350347
11635,2,Email,38.834998
11635,10,Email,62.283435
11639,3,Mobile,77.520422
11643,3,Direct Mail,86.250113
11644,7,Email,96.42995
11645,3,Mobile,73.594302
11649,1,Direct Mail,79.740755
11656,3,Direct Mail,43.257637
11659,3,Direct Mail,66.081962
11660,8,Mobile,91.459141
11664,4,Direct Mail,55.724983
11665,3,Email,64.01752
11666,2,Email,61.524592
11668,3,Mobile,53.444748
11670,5,Direct Mail,109.640425
11673,3,Direct Mail,59.653368
11675,8,Email,49.576603
11676,3,Mobile,72.882328
11680,3,Mobile,59.350606
11682,3,Mobile,58.653837
11684,3,Mobile,71.295483
11686,8,Direct Mail,64.835535
11689,3,Mobile,46.232482
11690,10,Email,54.743479
11691,3,Email,63.571287
11695,9,Email,61.490899
11698,7,Email,82.771086
11700,7,Direct Mail,100.928629
11706,3,Mobile,86.327084
11707,1,Direct Mail,103.139553
11707,3,Direct Mail,85.494211
11712,1,Direct Mail,72.565754
11712,7,Direct Mail,59.511274
11713,4,Mobile,76.265962
11715,3,Mobile,103.643078
11717,2,Mobile,54.919577
11718,8,Direct Mail,58.925136
11722,8,Direct Mail,80.561006
11722,3,Direct Mail,45.373411
11723,7,Direct Mail,48.881292
11724,3,Email,87.537564
11725,10,Email,56.409257
11729,9,Direct Mail,55.651448
11731,7,Email,87.233432
11731,3,Email,65.774371
11732,3,Mobile,52.442221
11734,8,Direct Mail,38.729835
11735,3,Mobile,76.414556
11736,3,Mobile,103.124611
11737,3,Direct Mail,39.889943
11739,3,Direct Mail,81.750767
11750,8,Mobile,64.671839
11750,7,Mobile,55.840791
11750,1,Mobile,79.461882
11753,8,Mobile,75.84306
11756,9,Email,70.659435
11760,3,Mobile,50.657923
11761,3,Direct Mail,77.633995
11762,2,Email,50.654795
11763,6,Direct Mail,62.00488
11764,8,Direct Mail,86.311054
11768,7,Email,84.681282
11769,3,Direct Mail,80.919752
11770,8,Mobile,88.317534
11771,3,Email,71.403355
11772,8,Email,74.105776
11772,7,Email,52.601329
11775,3,Email,75.106932
11776,12,Mobile,54.648569
11777,1,Direct Mail,89.073326
11779,8,Mobile,44.056976
11781,4,Email,69.325703
11784,3,Email,104.593863
11785,12,Direct Mail,58.25086
11786,10,Mobile,67.973959
11787,4,Email,52.462054
11790,7,Email,78.032603
11791,2,Mobile,69.479248
11792,3,Email,33.342294
11793,3,Email,92.224002
11794,3,Email,83.538064
11795,8,Direct Mail,69.226329
11797,4,Mobile,97.747978
11800,9,Email,62.950429
11803,3,Mobile,74.773748
11803,2,Mobile,71.283422
11808,7,Email,63.123948
11809,7,Email,54.355017
11812,3,Direct Mail,85.236771
11814,7,Direct Mail,72.151279
11817,9,Mobile,92.052801
11817,3,Mobile,103.506255
